--
-- File generated with SQLiteStudio v3.4.4 on Sun Jun 23 14:57:25 2024
--
-- Text encoding used: System
--
PRAGMA foreign_keys = off;
BEGIN TRANSACTION;

-- Table: Album
CREATE TABLE IF NOT EXISTS Album (album_id INTEGER PRIMARY KEY AUTOINCREMENT, name TEXT NOT NULL, release_date TEXT, icon TEXT, artist_id INTEGER REFERENCES Artist (artist_id));
INSERT INTO Album (album_id, name, release_date, icon, artist_id) VALUES (1, 'Nanogon Infinity', '2016-05-29', 'kgatlw_nanogoninfinity.jpg', 1);
INSERT INTO Album (album_id, name, release_date, icon, artist_id) VALUES (2, 'Vibes', '2016-12-09', 'vibes.jpg', 2);
INSERT INTO Album (album_id, name, release_date, icon, artist_id) VALUES (3, 'Fronzoli', 'November 10, 2023', 'fronzoli.jpg', 13);
INSERT INTO Album (album_id, name, release_date, icon, artist_id) VALUES (4, 'Night Gnomes', 't Reality? Records under exclusive license to Marathon Artists', 'nightgnomes.jpg', 13);
INSERT INTO Album (album_id, name, release_date, icon, artist_id) VALUES (5, 'Shyga! The Sunlight Mound', 'November 12, 2021', 'shyga!thesunlightmound.jpg', 13);
INSERT INTO Album (album_id, name, release_date, icon, artist_id) VALUES (6, 'And Now For The Whatchamacallit', 'or The Whatchamacallit (2019)', 'andnowforthewhatchamacallit.jpg', 13);
INSERT INTO Album (album_id, name, release_date, icon, artist_id) VALUES (7, 'High Visceral {Part 2}', 'April 14, 2017', 'highvisceral{part2}.jpg', 13);
INSERT INTO Album (album_id, name, release_date, icon, artist_id) VALUES (8, 'everything is alive', '', 'everythingisalive.jpg', 14);
INSERT INTO Album (album_id, name, release_date, icon, artist_id) VALUES (9, 'Bloom', '', 'bloom.jpg', 15);
INSERT INTO Album (album_id, name, release_date, icon, artist_id) VALUES (10, 'Depression Cherry', '', 'depressioncherry.jpg', 15);
INSERT INTO Album (album_id, name, release_date, icon, artist_id) VALUES (11, 'Teen Dream', '', 'teendream.jpg', 15);
INSERT INTO Album (album_id, name, release_date, icon, artist_id) VALUES (12, 'Painting With', '', 'paintingwith.jpg', 16);
INSERT INTO Album (album_id, name, release_date, icon, artist_id) VALUES (13, 'Centipede Hz', '', 'centipedehz.jpg', 16);
INSERT INTO Album (album_id, name, release_date, icon, artist_id) VALUES (14, 'Merriweather Post Pavilion', '', 'merriweatherpostpavilion.jpg', 16);
INSERT INTO Album (album_id, name, release_date, icon, artist_id) VALUES (15, 'Strawberry Jam', '', 'strawberryjam.jpg', 16);
INSERT INTO Album (album_id, name, release_date, icon, artist_id) VALUES (16, 'Slow Air', '', 'slowair.jpg', 17);

-- Table: Artist
CREATE TABLE IF NOT EXISTS Artist (
   artist_id INTEGER PRIMARY KEY AUTOINCREMENT,
   name   TEXT NOT NULL,
   icon   TEXT
);
INSERT INTO Artist (artist_id, name, icon) VALUES (1, 'King Gizzard & the Lizard Wizard', 'kgatlw.jpg');
INSERT INTO Artist (artist_id, name, icon) VALUES (2, 'Vacations', 'vacations.jpg');
INSERT INTO Artist (artist_id, name, icon) VALUES (13, 'Psychedelic Porn Crumpets', 'psychedelicporncrumpets.jpg');
INSERT INTO Artist (artist_id, name, icon) VALUES (14, 'Slowdive', 'slowdive.jpg');
INSERT INTO Artist (artist_id, name, icon) VALUES (15, 'Beach House', 'beachhouse.jpg');
INSERT INTO Artist (artist_id, name, icon) VALUES (16, 'Animal Collective', 'animalcollective.jpg');
INSERT INTO Artist (artist_id, name, icon) VALUES (17, 'Still Corners', 'stillcorners.jpg');

-- Table: Song
CREATE TABLE IF NOT EXISTS Song (song_id INTEGER PRIMARY KEY AUTOINCREMENT, name TEXT NOT NULL, duration TEXT, lyrics TEXT, icon TEXT, album_id INTEGER REFERENCES Album (album_id));
INSERT INTO Song (song_id, name, duration, lyrics, icon, album_id) VALUES (1, 'Robot Stop', '5:22', NULL, 'kgatlw_nanogoninfinity.jpg', 1);
INSERT INTO Song (song_id, name, duration, lyrics, icon, album_id) VALUES (2, 'Big Fig Wasp', '4:54', NULL, 'kgatlw_nanogoninfinity.jpg', 1);
INSERT INTO Song (song_id, name, duration, lyrics, icon, album_id) VALUES (3, 'Gamma Knife', '4:21', NULL, 'kgatlw_nanogoninfinity.jpg', 1);
INSERT INTO Song (song_id, name, duration, lyrics, icon, album_id) VALUES (4, 'People-Vultures', '4:45', NULL, 'kgatlw_nanogoninfinity.jpg', 1);
INSERT INTO Song (song_id, name, duration, lyrics, icon, album_id) VALUES (5, 'Mr.Beat', '4:56', NULL, 'kgatlw_nanogoninfinity.jpg', 1);
INSERT INTO Song (song_id, name, duration, lyrics, icon, album_id) VALUES (6, 'Evil Death Roll', '7:14', NULL, 'kgatlw_nanogoninfinity.jpg', 1);
INSERT INTO Song (song_id, name, duration, lyrics, icon, album_id) VALUES (7, 'Invisible Face', '3:01', NULL, 'kgatlw_nanogoninfinity.jpg', 1);
INSERT INTO Song (song_id, name, duration, lyrics, icon, album_id) VALUES (8, 'Wah Wah', '2:54', NULL, 'kgatlw_nanogoninfinity.jpg', 1);
INSERT INTO Song (song_id, name, duration, lyrics, icon, album_id) VALUES (9, 'Road Train', '4:18', NULL, 'kgatlw_nanogoninfinity.jpg', 1);
INSERT INTO Song (song_id, name, duration, lyrics, icon, album_id) VALUES (10, 'Home', '2:25', NULL, 'vibes.jpg', 2);
INSERT INTO Song (song_id, name, duration, lyrics, icon, album_id) VALUES (11, 'Away', '2:42', NULL, 'vibes.jpg', 2);
INSERT INTO Song (song_id, name, duration, lyrics, icon, album_id) VALUES (12, 'Relax', '2:38', NULL, 'vibes.jpg', 2);
INSERT INTO Song (song_id, name, duration, lyrics, icon, album_id) VALUES (13, 'Young', '3:09', NULL, 'vibes.jpg', 2);
INSERT INTO Song (song_id, name, duration, lyrics, icon, album_id) VALUES (14, 'Dave Brubeck', '2:04', NULL, 'vibes.jpg', 2);
INSERT INTO Song (song_id, name, duration, lyrics, icon, album_id) VALUES (15, 'Friends', '2:32', NULL, 'vibes.jpg', 2);
INSERT INTO Song (song_id, name, duration, lyrics, icon, album_id) VALUES (16, 'Nootmare (K.I.L.L.I.N.G) Meow!', '03:32', NULL, 'fronzoli.jpg', 3);
INSERT INTO Song (song_id, name, duration, lyrics, icon, album_id) VALUES (17, '(I''m A Kadaver) Alakazam', '03:48', NULL, 'fronzoli.jpg', 3);
INSERT INTO Song (song_id, name, duration, lyrics, icon, album_id) VALUES (18, 'Dilemma Us From Evil', '03:02', NULL, 'fronzoli.jpg', 3);
INSERT INTO Song (song_id, name, duration, lyrics, icon, album_id) VALUES (19, 'Cpt. Gravity Mouse Welcome', '03:18', NULL, 'fronzoli.jpg', 3);
INSERT INTO Song (song_id, name, duration, lyrics, icon, album_id) VALUES (20, 'All Aboard The S.S. Sinker', '03:13', NULL, 'fronzoli.jpg', 3);
INSERT INTO Song (song_id, name, duration, lyrics, icon, album_id) VALUES (21, 'Hot! Heat! Wow! Hot!', '03:32', NULL, 'fronzoli.jpg', 3);
INSERT INTO Song (song_id, name, duration, lyrics, icon, album_id) VALUES (22, 'Sierra Nevada', '03:37', NULL, 'fronzoli.jpg', 3);
INSERT INTO Song (song_id, name, duration, lyrics, icon, album_id) VALUES (23, 'Illusions Of Grandeur', '01:46', NULL, 'fronzoli.jpg', 3);
INSERT INTO Song (song_id, name, duration, lyrics, icon, album_id) VALUES (24, 'Pillhouse (Papa Moonshine)', '04:28', NULL, 'fronzoli.jpg', 3);
INSERT INTO Song (song_id, name, duration, lyrics, icon, album_id) VALUES (25, 'Mr & Mrs Misanthrope', '03:15', NULL, 'fronzoli.jpg', 3);
INSERT INTO Song (song_id, name, duration, lyrics, icon, album_id) VALUES (26, 'Terminus, The Creator', '03:14', NULL, 'nightgnomes.jpg', 4);
INSERT INTO Song (song_id, name, duration, lyrics, icon, album_id) VALUES (27, 'Lava Lamp Pisco', '04:01', NULL, 'nightgnomes.jpg', 4);
INSERT INTO Song (song_id, name, duration, lyrics, icon, album_id) VALUES (28, 'Dread & Butter', '02:54', NULL, 'nightgnomes.jpg', 4);
INSERT INTO Song (song_id, name, duration, lyrics, icon, album_id) VALUES (29, 'Bubblegum Infinity', '03:10', NULL, 'nightgnomes.jpg', 4);
INSERT INTO Song (song_id, name, duration, lyrics, icon, album_id) VALUES (30, 'Sherbet Straws', '04:25', NULL, 'nightgnomes.jpg', 4);
INSERT INTO Song (song_id, name, duration, lyrics, icon, album_id) VALUES (31, 'Night Gnomes', '04:22', NULL, 'nightgnomes.jpg', 4);
INSERT INTO Song (song_id, name, duration, lyrics, icon, album_id) VALUES (32, 'Bob Holiday', '03:56', NULL, 'nightgnomes.jpg', 4);
INSERT INTO Song (song_id, name, duration, lyrics, icon, album_id) VALUES (33, 'Microwave Dave', '01:22', NULL, 'nightgnomes.jpg', 4);
INSERT INTO Song (song_id, name, duration, lyrics, icon, album_id) VALUES (34, 'Acid Dent', '03:41', NULL, 'nightgnomes.jpg', 4);
INSERT INTO Song (song_id, name, duration, lyrics, icon, album_id) VALUES (35, 'In Dream, Out', '01:27', NULL, 'nightgnomes.jpg', 4);
INSERT INTO Song (song_id, name, duration, lyrics, icon, album_id) VALUES (36, 'Slinky / Holy Water', '05:32', NULL, 'nightgnomes.jpg', 4);
INSERT INTO Song (song_id, name, duration, lyrics, icon, album_id) VALUES (37, 'Big Dijon', '01:05', NULL, 'shyga!thesunlightmound.jpg', 5);
INSERT INTO Song (song_id, name, duration, lyrics, icon, album_id) VALUES (38, 'Tally Ho', '03:22', NULL, 'shyga!thesunlightmound.jpg', 5);
INSERT INTO Song (song_id, name, duration, lyrics, icon, album_id) VALUES (39, 'Sawtooth Monkfish', '02:34', NULL, 'shyga!thesunlightmound.jpg', 5);
INSERT INTO Song (song_id, name, duration, lyrics, icon, album_id) VALUES (40, 'Tripolasaur', '03:25', NULL, 'shyga!thesunlightmound.jpg', 5);
INSERT INTO Song (song_id, name, duration, lyrics, icon, album_id) VALUES (41, 'Mr Prism', '03:53', NULL, 'shyga!thesunlightmound.jpg', 5);
INSERT INTO Song (song_id, name, duration, lyrics, icon, album_id) VALUES (42, 'The Terrors', '03:52', NULL, 'shyga!thesunlightmound.jpg', 5);
INSERT INTO Song (song_id, name, duration, lyrics, icon, album_id) VALUES (43, 'Hats Off To The Green Bins', '02:52', NULL, 'shyga!thesunlightmound.jpg', 5);
INSERT INTO Song (song_id, name, duration, lyrics, icon, album_id) VALUES (44, 'Glitter Bug', '03:30', NULL, 'shyga!thesunlightmound.jpg', 5);
INSERT INTO Song (song_id, name, duration, lyrics, icon, album_id) VALUES (45, 'More Glitter', '00:35', NULL, 'shyga!thesunlightmound.jpg', 5);
INSERT INTO Song (song_id, name, duration, lyrics, icon, album_id) VALUES (46, 'Pukebox', '03:08', NULL, 'shyga!thesunlightmound.jpg', 5);
INSERT INTO Song (song_id, name, duration, lyrics, icon, album_id) VALUES (47, 'Mundungus', '02:44', NULL, 'shyga!thesunlightmound.jpg', 5);
INSERT INTO Song (song_id, name, duration, lyrics, icon, album_id) VALUES (48, 'Mango Terrarium', '04:24', NULL, 'shyga!thesunlightmound.jpg', 5);
INSERT INTO Song (song_id, name, duration, lyrics, icon, album_id) VALUES (49, 'Round The Corner', '00:38', NULL, 'shyga!thesunlightmound.jpg', 5);
INSERT INTO Song (song_id, name, duration, lyrics, icon, album_id) VALUES (50, 'The Tale Of Gurney Gridman', '04:28', NULL, 'shyga!thesunlightmound.jpg', 5);
INSERT INTO Song (song_id, name, duration, lyrics, icon, album_id) VALUES (51, 'Keen For Kick Ons', '03:38', NULL, 'andnowforthewhatchamacallit.jpg', 6);
INSERT INTO Song (song_id, name, duration, lyrics, icon, album_id) VALUES (52, 'Bill''s Mandolin', '03:30', NULL, 'andnowforthewhatchamacallit.jpg', 6);
INSERT INTO Song (song_id, name, duration, lyrics, icon, album_id) VALUES (53, 'Hymn For A Droid', '03:27', NULL, 'andnowforthewhatchamacallit.jpg', 6);
INSERT INTO Song (song_id, name, duration, lyrics, icon, album_id) VALUES (54, 'Fields, Woods, Time', '00:54', NULL, 'andnowforthewhatchamacallit.jpg', 6);
INSERT INTO Song (song_id, name, duration, lyrics, icon, album_id) VALUES (55, 'Native Tongue', '03:25', NULL, 'andnowforthewhatchamacallit.jpg', 6);
INSERT INTO Song (song_id, name, duration, lyrics, icon, album_id) VALUES (56, 'Social Candy', '04:20', NULL, 'andnowforthewhatchamacallit.jpg', 6);
INSERT INTO Song (song_id, name, duration, lyrics, icon, album_id) VALUES (57, 'My Friend''s A Liquid', '03:35', NULL, 'andnowforthewhatchamacallit.jpg', 6);
INSERT INTO Song (song_id, name, duration, lyrics, icon, album_id) VALUES (58, 'When In Rome', '03:53', NULL, 'andnowforthewhatchamacallit.jpg', 6);
INSERT INTO Song (song_id, name, duration, lyrics, icon, album_id) VALUES (59, 'Digital Hunger', '02:25', NULL, 'andnowforthewhatchamacallit.jpg', 6);
INSERT INTO Song (song_id, name, duration, lyrics, icon, album_id) VALUES (60, 'Dezi''s Adventure', '04:06', NULL, 'andnowforthewhatchamacallit.jpg', 6);
INSERT INTO Song (song_id, name, duration, lyrics, icon, album_id) VALUES (61, 'Nek', '04:26', NULL, 'highvisceral{part2}.jpg', 7);
INSERT INTO Song (song_id, name, duration, lyrics, icon, album_id) VALUES (62, 'Gurzle', '04:29', NULL, 'highvisceral{part2}.jpg', 7);
INSERT INTO Song (song_id, name, duration, lyrics, icon, album_id) VALUES (63, 'First Light in the Garden at Chipping', '03:20', NULL, 'highvisceral{part2}.jpg', 7);
INSERT INTO Song (song_id, name, duration, lyrics, icon, album_id) VALUES (64, 'Ergophobia', '05:01', NULL, 'highvisceral{part2}.jpg', 7);
INSERT INTO Song (song_id, name, duration, lyrics, icon, album_id) VALUES (65, 'Move', '04:31', NULL, 'highvisceral{part2}.jpg', 7);
INSERT INTO Song (song_id, name, duration, lyrics, icon, album_id) VALUES (66, 'Buzz', '03:58', NULL, 'highvisceral{part2}.jpg', 7);
INSERT INTO Song (song_id, name, duration, lyrics, icon, album_id) VALUES (67, 'Coffee', '03:20', NULL, 'highvisceral{part2}.jpg', 7);
INSERT INTO Song (song_id, name, duration, lyrics, icon, album_id) VALUES (68, 'Dependant on Mary', '04:47', NULL, 'highvisceral{part2}.jpg', 7);
INSERT INTO Song (song_id, name, duration, lyrics, icon, album_id) VALUES (69, 'It''s Not Safe to Leave This House', '03:21', NULL, 'highvisceral{part2}.jpg', 7);
INSERT INTO Song (song_id, name, duration, lyrics, icon, album_id) VALUES (70, 'November', '06:48', NULL, 'highvisceral{part2}.jpg', 7);
INSERT INTO Song (song_id, name, duration, lyrics, icon, album_id) VALUES (71, 'shanty', '05:47', NULL, 'everythingisalive.jpg', 8);
INSERT INTO Song (song_id, name, duration, lyrics, icon, album_id) VALUES (72, 'prayer remembered', '04:46', NULL, 'everythingisalive.jpg', 8);
INSERT INTO Song (song_id, name, duration, lyrics, icon, album_id) VALUES (73, 'alife', '04:38', NULL, 'everythingisalive.jpg', 8);
INSERT INTO Song (song_id, name, duration, lyrics, icon, album_id) VALUES (74, 'andalucia plays', '06:41', NULL, 'everythingisalive.jpg', 8);
INSERT INTO Song (song_id, name, duration, lyrics, icon, album_id) VALUES (75, 'kisses', '03:57', NULL, 'everythingisalive.jpg', 8);
INSERT INTO Song (song_id, name, duration, lyrics, icon, album_id) VALUES (76, 'skin in the game', '03:52', NULL, 'everythingisalive.jpg', 8);
INSERT INTO Song (song_id, name, duration, lyrics, icon, album_id) VALUES (77, 'chained to a cloud', '06:51', NULL, 'everythingisalive.jpg', 8);
INSERT INTO Song (song_id, name, duration, lyrics, icon, album_id) VALUES (78, 'the slab', '05:10', NULL, 'everythingisalive.jpg', 8);
INSERT INTO Song (song_id, name, duration, lyrics, icon, album_id) VALUES (79, 'Myth', '04:18', NULL, 'bloom.jpg', 9);
INSERT INTO Song (song_id, name, duration, lyrics, icon, album_id) VALUES (80, 'Wild', '04:58 ', NULL, 'bloom.jpg', 9);
INSERT INTO Song (song_id, name, duration, lyrics, icon, album_id) VALUES (81, 'Lazuli', '05:01 ', NULL, 'bloom.jpg', 9);
INSERT INTO Song (song_id, name, duration, lyrics, icon, album_id) VALUES (82, 'Other People', '04:24', NULL, 'bloom.jpg', 9);
INSERT INTO Song (song_id, name, duration, lyrics, icon, album_id) VALUES (83, 'The Hours', '04:11', NULL, 'bloom.jpg', 9);
INSERT INTO Song (song_id, name, duration, lyrics, icon, album_id) VALUES (84, 'Troublemaker', '04:55', NULL, 'bloom.jpg', 9);
INSERT INTO Song (song_id, name, duration, lyrics, icon, album_id) VALUES (85, 'New Year', '05:25', NULL, 'bloom.jpg', 9);
INSERT INTO Song (song_id, name, duration, lyrics, icon, album_id) VALUES (86, 'Wishes', '04:46 ', NULL, 'bloom.jpg', 9);
INSERT INTO Song (song_id, name, duration, lyrics, icon, album_id) VALUES (87, 'On the Sea', '05:32', NULL, 'bloom.jpg', 9);
INSERT INTO Song (song_id, name, duration, lyrics, icon, album_id) VALUES (88, 'Irene', '16:57', NULL, 'bloom.jpg', 9);
INSERT INTO Song (song_id, name, duration, lyrics, icon, album_id) VALUES (89, 'Levitation', '05:54', NULL, 'depressioncherry.jpg', 10);
INSERT INTO Song (song_id, name, duration, lyrics, icon, album_id) VALUES (90, 'Sparks', '05:21', NULL, 'depressioncherry.jpg', 10);
INSERT INTO Song (song_id, name, duration, lyrics, icon, album_id) VALUES (91, 'Space Song', '05:20', NULL, 'depressioncherry.jpg', 10);
INSERT INTO Song (song_id, name, duration, lyrics, icon, album_id) VALUES (92, 'Beyond Love', '04:25', NULL, 'depressioncherry.jpg', 10);
INSERT INTO Song (song_id, name, duration, lyrics, icon, album_id) VALUES (93, '10:37', '03:48', NULL, 'depressioncherry.jpg', 10);
INSERT INTO Song (song_id, name, duration, lyrics, icon, album_id) VALUES (94, 'PPP', '06:08', NULL, 'depressioncherry.jpg', 10);
INSERT INTO Song (song_id, name, duration, lyrics, icon, album_id) VALUES (95, 'Wildflower', '03:39', NULL, 'depressioncherry.jpg', 10);
INSERT INTO Song (song_id, name, duration, lyrics, icon, album_id) VALUES (96, 'Bluebird', '03:55', NULL, 'depressioncherry.jpg', 10);
INSERT INTO Song (song_id, name, duration, lyrics, icon, album_id) VALUES (97, 'Days of Candy', '06:15', NULL, 'depressioncherry.jpg', 10);
INSERT INTO Song (song_id, name, duration, lyrics, icon, album_id) VALUES (98, 'Zebra', '04:48 ', NULL, 'teendream.jpg', 11);
INSERT INTO Song (song_id, name, duration, lyrics, icon, album_id) VALUES (99, 'Silver Soul', '04:58 ', NULL, 'teendream.jpg', 11);
INSERT INTO Song (song_id, name, duration, lyrics, icon, album_id) VALUES (100, 'Norway', '03:54 ', NULL, 'teendream.jpg', 11);
INSERT INTO Song (song_id, name, duration, lyrics, icon, album_id) VALUES (101, 'Walk in the Park', '05:22 ', NULL, 'teendream.jpg', 11);
INSERT INTO Song (song_id, name, duration, lyrics, icon, album_id) VALUES (102, 'Used to Be', '03:58', NULL, 'teendream.jpg', 11);
INSERT INTO Song (song_id, name, duration, lyrics, icon, album_id) VALUES (103, 'Lover of Mine', '05:06 ', NULL, 'teendream.jpg', 11);
INSERT INTO Song (song_id, name, duration, lyrics, icon, album_id) VALUES (104, 'Better Times', '04:23', NULL, 'teendream.jpg', 11);
INSERT INTO Song (song_id, name, duration, lyrics, icon, album_id) VALUES (105, '10 Mile Stereo', '05:03 ', NULL, 'teendream.jpg', 11);
INSERT INTO Song (song_id, name, duration, lyrics, icon, album_id) VALUES (106, 'Real Love', '05:20', NULL, 'teendream.jpg', 11);
INSERT INTO Song (song_id, name, duration, lyrics, icon, album_id) VALUES (107, 'Take Care', '05:48', NULL, 'teendream.jpg', 11);
INSERT INTO Song (song_id, name, duration, lyrics, icon, album_id) VALUES (108, 'FloriDada', '04:05', NULL, 'paintingwith.jpg', 12);
INSERT INTO Song (song_id, name, duration, lyrics, icon, album_id) VALUES (109, 'Hocus Pocus', '03:16', NULL, 'paintingwith.jpg', 12);
INSERT INTO Song (song_id, name, duration, lyrics, icon, album_id) VALUES (110, 'Vertical', '04:14', NULL, 'paintingwith.jpg', 12);
INSERT INTO Song (song_id, name, duration, lyrics, icon, album_id) VALUES (111, 'Lying in the Grass', '03:34', NULL, 'paintingwith.jpg', 12);
INSERT INTO Song (song_id, name, duration, lyrics, icon, album_id) VALUES (112, 'The Burglars', '02:43', NULL, 'paintingwith.jpg', 12);
INSERT INTO Song (song_id, name, duration, lyrics, icon, album_id) VALUES (113, 'Natural Selection', '02:41', NULL, 'paintingwith.jpg', 12);
INSERT INTO Song (song_id, name, duration, lyrics, icon, album_id) VALUES (114, 'Bagels in Kiev', '02:48', NULL, 'paintingwith.jpg', 12);
INSERT INTO Song (song_id, name, duration, lyrics, icon, album_id) VALUES (115, 'On Delay', '03:48', NULL, 'paintingwith.jpg', 12);
INSERT INTO Song (song_id, name, duration, lyrics, icon, album_id) VALUES (116, 'Spilling Guts', '01:58', NULL, 'paintingwith.jpg', 12);
INSERT INTO Song (song_id, name, duration, lyrics, icon, album_id) VALUES (117, 'Summing the Wretch', '03:08', NULL, 'paintingwith.jpg', 12);
INSERT INTO Song (song_id, name, duration, lyrics, icon, album_id) VALUES (118, 'Golden Gal', '04:41', NULL, 'paintingwith.jpg', 12);
INSERT INTO Song (song_id, name, duration, lyrics, icon, album_id) VALUES (119, 'Recycling', '04:06', NULL, 'paintingwith.jpg', 12);
INSERT INTO Song (song_id, name, duration, lyrics, icon, album_id) VALUES (120, 'Moonjock', '05:05', NULL, 'centipedehz.jpg', 13);
INSERT INTO Song (song_id, name, duration, lyrics, icon, album_id) VALUES (121, 'Today''s Supernatural', '04:14', NULL, 'centipedehz.jpg', 13);
INSERT INTO Song (song_id, name, duration, lyrics, icon, album_id) VALUES (122, 'Rosie Oh', '02:55', NULL, 'centipedehz.jpg', 13);
INSERT INTO Song (song_id, name, duration, lyrics, icon, album_id) VALUES (123, 'Applesauce', '05:34', NULL, 'centipedehz.jpg', 13);
INSERT INTO Song (song_id, name, duration, lyrics, icon, album_id) VALUES (124, 'Wide Eyed', '05:00', NULL, 'centipedehz.jpg', 13);
INSERT INTO Song (song_id, name, duration, lyrics, icon, album_id) VALUES (125, 'Father Time', '04:34', NULL, 'centipedehz.jpg', 13);
INSERT INTO Song (song_id, name, duration, lyrics, icon, album_id) VALUES (126, 'New Town Burnout', '06:01', NULL, 'centipedehz.jpg', 13);
INSERT INTO Song (song_id, name, duration, lyrics, icon, album_id) VALUES (127, 'Monkey Riches', '06:45', NULL, 'centipedehz.jpg', 13);
INSERT INTO Song (song_id, name, duration, lyrics, icon, album_id) VALUES (128, 'Mercury Man', '04:18', NULL, 'centipedehz.jpg', 13);
INSERT INTO Song (song_id, name, duration, lyrics, icon, album_id) VALUES (129, 'Pulleys', '03:30', NULL, 'centipedehz.jpg', 13);
INSERT INTO Song (song_id, name, duration, lyrics, icon, album_id) VALUES (130, 'Amanita', '05:36', NULL, 'centipedehz.jpg', 13);
INSERT INTO Song (song_id, name, duration, lyrics, icon, album_id) VALUES (131, 'In The Flowers', '05:22', NULL, 'merriweatherpostpavilion.jpg', 14);
INSERT INTO Song (song_id, name, duration, lyrics, icon, album_id) VALUES (132, 'My Girls', '05:40', NULL, 'merriweatherpostpavilion.jpg', 14);
INSERT INTO Song (song_id, name, duration, lyrics, icon, album_id) VALUES (133, 'Also Frightened', '05:14', NULL, 'merriweatherpostpavilion.jpg', 14);
INSERT INTO Song (song_id, name, duration, lyrics, icon, album_id) VALUES (134, 'Summertime Clothes', '04:34', NULL, 'merriweatherpostpavilion.jpg', 14);
INSERT INTO Song (song_id, name, duration, lyrics, icon, album_id) VALUES (135, 'Daily Routine', '05:46', NULL, 'merriweatherpostpavilion.jpg', 14);
INSERT INTO Song (song_id, name, duration, lyrics, icon, album_id) VALUES (136, 'Bluish', '05:13', NULL, 'merriweatherpostpavilion.jpg', 14);
INSERT INTO Song (song_id, name, duration, lyrics, icon, album_id) VALUES (137, 'Guys Eyes', '04:30', NULL, 'merriweatherpostpavilion.jpg', 14);
INSERT INTO Song (song_id, name, duration, lyrics, icon, album_id) VALUES (138, 'Taste', '03:53', NULL, 'merriweatherpostpavilion.jpg', 14);
INSERT INTO Song (song_id, name, duration, lyrics, icon, album_id) VALUES (139, 'Lion In A Coma', '04:12', NULL, 'merriweatherpostpavilion.jpg', 14);
INSERT INTO Song (song_id, name, duration, lyrics, icon, album_id) VALUES (140, 'No More Runnin', '04:23', NULL, 'merriweatherpostpavilion.jpg', 14);
INSERT INTO Song (song_id, name, duration, lyrics, icon, album_id) VALUES (141, 'Brother Sport', '05:59', NULL, 'merriweatherpostpavilion.jpg', 14);
INSERT INTO Song (song_id, name, duration, lyrics, icon, album_id) VALUES (142, 'Peacebone', '05:13', NULL, 'strawberryjam.jpg', 15);
INSERT INTO Song (song_id, name, duration, lyrics, icon, album_id) VALUES (143, 'Unsolved Mysteries', '04:25', NULL, 'strawberryjam.jpg', 15);
INSERT INTO Song (song_id, name, duration, lyrics, icon, album_id) VALUES (144, 'Chores', '04:30', NULL, 'strawberryjam.jpg', 15);
INSERT INTO Song (song_id, name, duration, lyrics, icon, album_id) VALUES (145, 'For Reverend Green', '06:34', NULL, 'strawberryjam.jpg', 15);
INSERT INTO Song (song_id, name, duration, lyrics, icon, album_id) VALUES (146, 'Fireworks', '06:50', NULL, 'strawberryjam.jpg', 15);
INSERT INTO Song (song_id, name, duration, lyrics, icon, album_id) VALUES (147, '#1', '04:32', NULL, 'strawberryjam.jpg', 15);
INSERT INTO Song (song_id, name, duration, lyrics, icon, album_id) VALUES (148, 'Winter Wonderland', '02:44', NULL, 'strawberryjam.jpg', 15);
INSERT INTO Song (song_id, name, duration, lyrics, icon, album_id) VALUES (149, 'Cuckoo Cuckoo', '05:42', NULL, 'strawberryjam.jpg', 15);
INSERT INTO Song (song_id, name, duration, lyrics, icon, album_id) VALUES (150, 'Derek', '03:01', NULL, 'strawberryjam.jpg', 15);
INSERT INTO Song (song_id, name, duration, lyrics, icon, album_id) VALUES (151, 'In the Middle of the Night', '03:39', NULL, 'slowair.jpg', 16);
INSERT INTO Song (song_id, name, duration, lyrics, icon, album_id) VALUES (152, 'The Message', '04:52', NULL, 'slowair.jpg', 16);
INSERT INTO Song (song_id, name, duration, lyrics, icon, album_id) VALUES (153, 'Sad Movies', '04:03', NULL, 'slowair.jpg', 16);
INSERT INTO Song (song_id, name, duration, lyrics, icon, album_id) VALUES (154, 'Welcome to Slow Air', '05:37', NULL, 'slowair.jpg', 16);
INSERT INTO Song (song_id, name, duration, lyrics, icon, album_id) VALUES (155, 'Black Lagoon', '05:33', NULL, 'slowair.jpg', 16);
INSERT INTO Song (song_id, name, duration, lyrics, icon, album_id) VALUES (156, 'Dreamlands', '04:24', NULL, 'slowair.jpg', 16);
INSERT INTO Song (song_id, name, duration, lyrics, icon, album_id) VALUES (157, 'Whisper', '03:21', NULL, 'slowair.jpg', 16);
INSERT INTO Song (song_id, name, duration, lyrics, icon, album_id) VALUES (158, 'Fade Out', '02:27', NULL, 'slowair.jpg', 16);
INSERT INTO Song (song_id, name, duration, lyrics, icon, album_id) VALUES (159, 'The Photograph', '03:40', NULL, 'slowair.jpg', 16);
INSERT INTO Song (song_id, name, duration, lyrics, icon, album_id) VALUES (160, 'Long Goodbyes', '03:01', NULL, 'slowair.jpg', 16);

COMMIT TRANSACTION;
PRAGMA foreign_keys = on;
